Forward	Reverse	Ind
plate-1_RA_GGACAAGCTATGCAGG.fastq	plate-1_RB_GGACAAGCTATGCAGG.fastq	plate-1-GGACAAGCTATGCAGG
plate-1_RA_GGAACAACCATGCAGG.fastq	plate-1_RB_GGAACAACCATGCAGG.fastq	plate-1-GGAACAACCATGCAGG
plate-1_RA_GGAGATCGCATGCAGG.fastq	plate-1_RB_GGAGATCGCATGCAGG.fastq	plate-1-GGAGATCGCATGCAGG
plate-1_RA_GGCCGAAGTATGCAGG.fastq	plate-1_RB_GGCCGAAGTATGCAGG.fastq	plate-1-GGCCGAAGTATGCAGG
plate-1_RA_GGGATAGACATGCAGG.fastq	plate-1_RB_GGGATAGACATGCAGG.fastq	plate-1-GGGATAGACATGCAGG
plate-1_RA_GGTATCAGCATGCAGG.fastq	plate-1_RB_GGTATCAGCATGCAGG.fastq	plate-1-GGTATCAGCATGCAGG
plate-1_RA_GGAATGTTGCTGCAGG.fastq	plate-1_RB_GGAATGTTGCTGCAGG.fastq	plate-1-GGAATGTTGCTGCAGG
plate-1_RA_GGCCATCCTCTGCAGG.fastq	plate-1_RB_GGCCATCCTCTGCAGG.fastq	plate-1-GGCCATCCTCTGCAGG
plate-1_RA_GGAAACATCGTGCAGG.fastq	plate-1_RB_GGAAACATCGTGCAGG.fastq	plate-1-GGAAACATCGTGCAGG
plate-1_RA_GGAACCGAGATGCAGG.fastq	plate-1_RB_GGAACCGAGATGCAGG.fastq	plate-1-GGAACCGAGATGCAGG
plate-1_RA_GGAGCAGGAATGCAGG.fastq	plate-1_RB_GGAGCAGGAATGCAGG.fastq	plate-1-GGAGCAGGAATGCAGG
plate-1_RA_GGCCGTGAGATGCAGG.fastq	plate-1_RB_GGCCGTGAGATGCAGG.fastq	plate-1-GGCCGTGAGATGCAGG
plate-1_RA_GGGCCACATATGCAGG.fastq	plate-1_RB_GGGCCACATATGCAGG.fastq	plate-1-GGGCCACATATGCAGG
plate-1_RA_GGTCCGTCTATGCAGG.fastq	plate-1_RB_GGTCCGTCTATGCAGG.fastq	plate-1-GGTCCGTCTATGCAGG
plate-1_RA_GGACACTGACTGCAGG.fastq	plate-1_RB_GGACACTGACTGCAGG.fastq	plate-1-GGACACTGACTGCAGG
plate-1_RA_GGCCGACAACTGCAGG.fastq	plate-1_RB_GGCCGACAACTGCAGG.fastq	plate-1-GGCCGACAACTGCAGG
plate-1_RA_GGACATTGGCTGCAGG.fastq	plate-1_RB_GGACATTGGCTGCAGG.fastq	plate-1-GGACATTGGCTGCAGG
plate-1_RA_GGAACGCTTATGCAGG.fastq	plate-1_RB_GGAACGCTTATGCAGG.fastq	plate-1-GGAACGCTTATGCAGG
plate-1_RA_GGAGTCACTATGCAGG.fastq	plate-1_RB_GGAGTCACTATGCAGG.fastq	plate-1-GGAGTCACTATGCAGG
plate-1_RA_GGCCTCCTGATGCAGG.fastq	plate-1_RB_GGCCTCCTGATGCAGG.fastq	plate-1-GGCCTCCTGATGCAGG
plate-1_RA_GGGCGAGTAATGCAGG.fastq	plate-1_RB_GGGCGAGTAATGCAGG.fastq	plate-1-GGGCGAGTAATGCAGG
plate-1_RA_GGTCTTCACATGCAGG.fastq	plate-1_RB_GGTCTTCACATGCAGG.fastq	plate-1-GGTCTTCACATGCAGG
plate-1_RA_GGACAGATTCTGCAGG.fastq	plate-1_RB_GGACAGATTCTGCAGG.fastq	plate-1-GGACAGATTCTGCAGG
plate-1_RA_GGAGTCAAGCTGCAGG.fastq	plate-1_RB_GGAGTCAAGCTGCAGG.fastq	plate-1-GGAGTCAAGCTGCAGG
plate-1_RA_GGACCACTGTTGCAGG.fastq	plate-1_RB_GGACCACTGTTGCAGG.fastq	plate-1-GGACCACTGTTGCAGG
plate-2_RA_GGATAGCGACTGCAGG.fastq	plate-2_RB_GGATAGCGACTGCAGG.fastq	plate-2-GGATAGCGACTGCAGG
plate-2_RA_GGGAACAGGCTGCAGG.fastq	plate-2_RB_GGGAACAGGCTGCAGG.fastq	plate-2-GGGAACAGGCTGCAGG
plate-2_RA_GGAACGAACGTGCAGG.fastq	plate-2_RB_GGAACGAACGTGCAGG.fastq	plate-2-GGAACGAACGTGCAGG
plate-2_RA_GGACGCTCGATGCAGG.fastq	plate-2_RB_GGACGCTCGATGCAGG.fastq	plate-2-GGACGCTCGATGCAGG
plate-2_RA_GGCACTTCGATGCAGG.fastq	plate-2_RB_GGCACTTCGATGCAGG.fastq	plate-2-GGCACTTCGATGCAGG
plate-2_RA_GGCTGGCATATGCAGG.fastq	plate-2_RB_GGCTGGCATATGCAGG.fastq	plate-2-GGCTGGCATATGCAGG
plate-2_RA_GGGTCGTAGATGCAGG.fastq	plate-2_RB_GGGTCGTAGATGCAGG.fastq	plate-2-GGGTCGTAGATGCAGG
plate-2_RA_GGACACGAGATGCAGG.fastq	plate-2_RB_GGACACGAGATGCAGG.fastq	plate-2-GGACACGAGATGCAGG
plate-2_RA_GGACGACAAGTGCAGG.fastq	plate-2_RB_GGACGACAAGTGCAGG.fastq	plate-2-GGACGACAAGTGCAGG
plate-2_RA_GGGACAGTGCTGCAGG.fastq	plate-2_RB_GGGACAGTGCTGCAGG.fastq	plate-2-GGGACAGTGCTGCAGG
plate-2_RA_GGAGTACAAGTGCAGG.fastq	plate-2_RB_GGAGTACAAGTGCAGG.fastq	plate-2-GGAGTACAAGTGCAGG
plate-2_RA_GGACGTATCATGCAGG.fastq	plate-2_RB_GGACGTATCATGCAGG.fastq	plate-2-GGACGTATCATGCAGG
plate-2_RA_GGCAGCGTTATGCAGG.fastq	plate-2_RB_GGCAGCGTTATGCAGG.fastq	plate-2-GGCAGCGTTATGCAGG
plate-2_RA_GGGAATCTGATGCAGG.fastq	plate-2_RB_GGGAATCTGATGCAGG.fastq	plate-2-GGGAATCTGATGCAGG
plate-2_RA_GGGTCTGTCATGCAGG.fastq	plate-2_RB_GGGTCTGTCATGCAGG.fastq	plate-2-GGGTCTGTCATGCAGG
plate-2_RA_GGAAGAGATCTGCAGG.fastq	plate-2_RB_GGAAGAGATCTGCAGG.fastq	plate-2-GGAAGAGATCTGCAGG
plate-2_RA_GGATTGGCTCTGCAGG.fastq	plate-2_RB_GGATTGGCTCTGCAGG.fastq	plate-2-GGATTGGCTCTGCAGG
plate-2_RA_GGGAGTTAGCTGCAGG.fastq	plate-2_RB_GGGAGTTAGCTGCAGG.fastq	plate-2-GGGAGTTAGCTGCAGG
plate-2_RA_GGCATCAAGTTGCAGG.fastq	plate-2_RB_GGCATCAAGTTGCAGG.fastq	plate-2-GGCATCAAGTTGCAGG
plate-2_RA_GGACTATGCATGCAGG.fastq	plate-2_RB_GGACTATGCATGCAGG.fastq	plate-2-GGACTATGCATGCAGG
plate-2_RA_GGCATACCAATGCAGG.fastq	plate-2_RB_GGCATACCAATGCAGG.fastq	plate-2-GGCATACCAATGCAGG
plate-2_RA_GGGACTAGTATGCAGG.fastq	plate-2_RB_GGGACTAGTATGCAGG.fastq	plate-2-GGGACTAGTATGCAGG
plate-2_RA_GGGTGTTCTATGCAGG.fastq	plate-2_RB_GGGTGTTCTATGCAGG.fastq	plate-2-GGGTGTTCTATGCAGG
plate-2_RA_GGAAGGACACTGCAGG.fastq	plate-2_RB_GGAAGGACACTGCAGG.fastq	plate-2-GGAAGGACACTGCAGG
plate-2_RA_GGCAAGGAGCTGCAGG.fastq	plate-2_RB_GGCAAGGAGCTGCAGG.fastq	plate-2-GGCAAGGAGCTGCAGG
plate-2_RA_GGGATGAATCTGCAGG.fastq	plate-2_RB_GGGATGAATCTGCAGG.fastq	plate-2-GGGATGAATCTGCAGG
plate-2_RA_GGAGTGGTCATGCAGG.fastq	plate-2_RB_GGAGTGGTCATGCAGG.fastq	plate-2-GGAGTGGTCATGCAGG
plate-2_RA_GGAGAGTCAATGCAGG.fastq	plate-2_RB_GGAGAGTCAATGCAGG.fastq	plate-2-GGAGAGTCAATGCAGG
plate-2_RA_GGCCAGTTCATGCAGG.fastq	plate-2_RB_GGCCAGTTCATGCAGG.fastq	plate-2-GGCCAGTTCATGCAGG
plate-3_RA_GGACAAGCTATGCAGG.fastq	plate-3_RB_GGACAAGCTATGCAGG.fastq	plate-3-GGACAAGCTATGCAGG
plate-3_RA_GGAACAACCATGCAGG.fastq	plate-3_RB_GGAACAACCATGCAGG.fastq	plate-3-GGAACAACCATGCAGG
plate-3_RA_GGAGATCGCATGCAGG.fastq	plate-3_RB_GGAGATCGCATGCAGG.fastq	plate-3-GGAGATCGCATGCAGG
plate-3_RA_GGCCGAAGTATGCAGG.fastq	plate-3_RB_GGCCGAAGTATGCAGG.fastq	plate-3-GGCCGAAGTATGCAGG
plate-3_RA_GGGATAGACATGCAGG.fastq	plate-3_RB_GGGATAGACATGCAGG.fastq	plate-3-GGGATAGACATGCAGG
plate-3_RA_GGTATCAGCATGCAGG.fastq	plate-3_RB_GGTATCAGCATGCAGG.fastq	plate-3-GGTATCAGCATGCAGG
plate-3_RA_GGAATGTTGCTGCAGG.fastq	plate-3_RB_GGAATGTTGCTGCAGG.fastq	plate-3-GGAATGTTGCTGCAGG
plate-3_RA_GGCCATCCTCTGCAGG.fastq	plate-3_RB_GGCCATCCTCTGCAGG.fastq	plate-3-GGCCATCCTCTGCAGG
plate-3_RA_GGAAACATCGTGCAGG.fastq	plate-3_RB_GGAAACATCGTGCAGG.fastq	plate-3-GGAAACATCGTGCAGG
plate-3_RA_GGAACCGAGATGCAGG.fastq	plate-3_RB_GGAACCGAGATGCAGG.fastq	plate-3-GGAACCGAGATGCAGG
plate-3_RA_GGAGCAGGAATGCAGG.fastq	plate-3_RB_GGAGCAGGAATGCAGG.fastq	plate-3-GGAGCAGGAATGCAGG
plate-3_RA_GGCCGTGAGATGCAGG.fastq	plate-3_RB_GGCCGTGAGATGCAGG.fastq	plate-3-GGCCGTGAGATGCAGG
plate-3_RA_GGGCCACATATGCAGG.fastq	plate-3_RB_GGGCCACATATGCAGG.fastq	plate-3-GGGCCACATATGCAGG
plate-3_RA_GGTCCGTCTATGCAGG.fastq	plate-3_RB_GGTCCGTCTATGCAGG.fastq	plate-3-GGTCCGTCTATGCAGG
plate-3_RA_GGACACTGACTGCAGG.fastq	plate-3_RB_GGACACTGACTGCAGG.fastq	plate-3-GGACACTGACTGCAGG
plate-3_RA_GGCCGACAACTGCAGG.fastq	plate-3_RB_GGCCGACAACTGCAGG.fastq	plate-3-GGCCGACAACTGCAGG
plate-3_RA_GGACATTGGCTGCAGG.fastq	plate-3_RB_GGACATTGGCTGCAGG.fastq	plate-3-GGACATTGGCTGCAGG
plate-3_RA_GGAACGCTTATGCAGG.fastq	plate-3_RB_GGAACGCTTATGCAGG.fastq	plate-3-GGAACGCTTATGCAGG
plate-3_RA_GGAGTCACTATGCAGG.fastq	plate-3_RB_GGAGTCACTATGCAGG.fastq	plate-3-GGAGTCACTATGCAGG
plate-3_RA_GGCCTCCTGATGCAGG.fastq	plate-3_RB_GGCCTCCTGATGCAGG.fastq	plate-3-GGCCTCCTGATGCAGG
plate-3_RA_GGGCGAGTAATGCAGG.fastq	plate-3_RB_GGGCGAGTAATGCAGG.fastq	plate-3-GGGCGAGTAATGCAGG
plate-3_RA_GGTCTTCACATGCAGG.fastq	plate-3_RB_GGTCTTCACATGCAGG.fastq	plate-3-GGTCTTCACATGCAGG
plate-3_RA_GGACAGATTCTGCAGG.fastq	plate-3_RB_GGACAGATTCTGCAGG.fastq	plate-3-GGACAGATTCTGCAGG
plate-3_RA_GGAGTCAAGCTGCAGG.fastq	plate-3_RB_GGAGTCAAGCTGCAGG.fastq	plate-3-GGAGTCAAGCTGCAGG
plate-3_RA_GGACCACTGTTGCAGG.fastq	plate-3_RB_GGACCACTGTTGCAGG.fastq	plate-3-GGACCACTGTTGCAGG
plate-3_RA_GGAAGACGGATGCAGG.fastq	plate-3_RB_GGAAGACGGATGCAGG.fastq	plate-3-GGAAGACGGATGCAGG
plate-3_RA_GGATCCTGTATGCAGG.fastq	plate-3_RB_GGATCCTGTATGCAGG.fastq	plate-3-GGATCCTGTATGCAGG
plate-3_RA_GGCGAACTTATGCAGG.fastq	plate-3_RB_GGCGAACTTATGCAGG.fastq	plate-3-GGCGAACTTATGCAGG
plate-3_RA_GGGCTAACGATGCAGG.fastq	plate-3_RB_GGGCTAACGATGCAGG.fastq	plate-3-GGGCTAACGATGCAGG
plate-3_RA_GGTGAAGAGATGCAGG.fastq	plate-3_RB_GGTGAAGAGATGCAGG.fastq	plate-3-GGTGAAGAGATGCAGG
plate-3_RA_GGAGATGTACTGCAGG.fastq	plate-3_RB_GGAGATGTACTGCAGG.fastq	plate-3-GGAGATGTACTGCAGG
plate-3_RA_GGCCTCTATCTGCAGG.fastq	plate-3_RB_GGCCTCTATCTGCAGG.fastq	plate-3-GGCCTCTATCTGCAGG
plate-3_RA_GGAACGTGATTGCAGG.fastq	plate-3_RB_GGAACGTGATTGCAGG.fastq	plate-3-GGAACGTGATTGCAGG
plate-3_RA_GGAAGGTACATGCAGG.fastq	plate-3_RB_GGAAGGTACATGCAGG.fastq	plate-3-GGAAGGTACATGCAGG
plate-3_RA_GGATTGAGGATGCAGG.fastq	plate-3_RB_GGATTGAGGATGCAGG.fastq	plate-3-GGATTGAGGATGCAGG
plate-3_RA_GGCGACTGGATGCAGG.fastq	plate-3_RB_GGCGACTGGATGCAGG.fastq	plate-3-GGCGACTGGATGCAGG
plate-3_RA_GGGCTCGGTATGCAGG.fastq	plate-3_RB_GGGCTCGGTATGCAGG.fastq	plate-3-GGGCTCGGTATGCAGG
plate-3_RA_GGTGGAACAATGCAGG.fastq	plate-3_RB_GGTGGAACAATGCAGG.fastq	plate-3-GGTGGAACAATGCAGG
plate-3_RA_GGAGCACCTCTGCAGG.fastq	plate-3_RB_GGAGCACCTCTGCAGG.fastq	plate-3-GGAGCACCTCTGCAGG
plate-3_RA_GGCGACACACTGCAGG.fastq	plate-3_RB_GGCGACACACTGCAGG.fastq	plate-3-GGCGACACACTGCAGG
plate-3_RA_GGCGCTGATCTGCAGG.fastq	plate-3_RB_GGCGCTGATCTGCAGG.fastq	plate-3-GGCGCTGATCTGCAGG
plate-3_RA_GGACACAGAATGCAGG.fastq	plate-3_RB_GGACACAGAATGCAGG.fastq	plate-3-GGACACAGAATGCAGG
plate-3_RA_GGCAACCACATGCAGG.fastq	plate-3_RB_GGCAACCACATGCAGG.fastq	plate-3-GGCAACCACATGCAGG
plate-3_RA_GGCGCATACATGCAGG.fastq	plate-3_RB_GGCGCATACATGCAGG.fastq	plate-3-GGCGCATACATGCAGG
plate-3_RA_GGGGAGAACATGCAGG.fastq	plate-3_RB_GGGGAGAACATGCAGG.fastq	plate-3-GGGGAGAACATGCAGG
plate-3_RA_GGTGGCTTCATGCAGG.fastq	plate-3_RB_GGTGGCTTCATGCAGG.fastq	plate-3-GGTGGCTTCATGCAGG
plate-3_RA_GGAGCCATGCTGCAGG.fastq	plate-3_RB_GGAGCCATGCTGCAGG.fastq	plate-3-GGAGCCATGCTGCAGG
plate-3_RA_GGCGGATTGCTGCAGG.fastq	plate-3_RB_GGCGGATTGCTGCAGG.fastq	plate-3-GGCGGATTGCTGCAGG
plate-3_RA_GGCAGATCTGTGCAGG.fastq	plate-3_RB_GGCAGATCTGTGCAGG.fastq	plate-3-GGCAGATCTGTGCAGG
plate-3_RA_GGACAGCAGATGCAGG.fastq	plate-3_RB_GGACAGCAGATGCAGG.fastq	plate-3-GGACAGCAGATGCAGG
plate-3_RA_GGCAAGACTATGCAGG.fastq	plate-3_RB_GGCAAGACTATGCAGG.fastq	plate-3-GGCAAGACTATGCAGG
plate-3_RA_GGCTCAATGATGCAGG.fastq	plate-3_RB_GGCTCAATGATGCAGG.fastq	plate-3-GGCTCAATGATGCAGG
plate-3_RA_GGGGTGCGAATGCAGG.fastq	plate-3_RB_GGGGTGCGAATGCAGG.fastq	plate-3-GGGGTGCGAATGCAGG
plate-3_RA_GGTGGTGGTATGCAGG.fastq	plate-3_RB_GGTGGTGGTATGCAGG.fastq	plate-3-GGTGGTGGTATGCAGG
plate-3_RA_GGAGGCTAACTGCAGG.fastq	plate-3_RB_GGAGGCTAACTGCAGG.fastq	plate-3-GGAGGCTAACTGCAGG
plate-3_RA_GGCTAAGGTCTGCAGG.fastq	plate-3_RB_GGCTAAGGTCTGCAGG.fastq	plate-3-GGCTAAGGTCTGCAGG
plate-3_RA_GGATGCCTAATGCAGG.fastq	plate-3_RB_GGATGCCTAATGCAGG.fastq	plate-3-GGATGCCTAATGCAGG
plate-3_RA_GGACCTCCAATGCAGG.fastq	plate-3_RB_GGACCTCCAATGCAGG.fastq	plate-3-GGACCTCCAATGCAGG
plate-3_RA_GGCAATGGAATGCAGG.fastq	plate-3_RB_GGCAATGGAATGCAGG.fastq	plate-3-GGCAATGGAATGCAGG
plate-3_RA_GGCTGAGCCATGCAGG.fastq	plate-3_RB_GGCTGAGCCATGCAGG.fastq	plate-3-GGCTGAGCCATGCAGG
plate-3_RA_GGGTACGCAATGCAGG.fastq	plate-3_RB_GGGTACGCAATGCAGG.fastq	plate-3-GGGTACGCAATGCAGG
plate-3_RA_GGTTCACGCATGCAGG.fastq	plate-3_RB_GGTTCACGCATGCAGG.fastq	plate-3-GGTTCACGCATGCAGG
plate-3_RA_GGATAGCGACTGCAGG.fastq	plate-3_RB_GGATAGCGACTGCAGG.fastq	plate-3-GGATAGCGACTGCAGG
plate-3_RA_GGGAACAGGCTGCAGG.fastq	plate-3_RB_GGGAACAGGCTGCAGG.fastq	plate-3-GGGAACAGGCTGCAGG
plate-3_RA_GGAACGAACGTGCAGG.fastq	plate-3_RB_GGAACGAACGTGCAGG.fastq	plate-3-GGAACGAACGTGCAGG
plate-3_RA_GGACGCTCGATGCAGG.fastq	plate-3_RB_GGACGCTCGATGCAGG.fastq	plate-3-GGACGCTCGATGCAGG
plate-3_RA_GGCACTTCGATGCAGG.fastq	plate-3_RB_GGCACTTCGATGCAGG.fastq	plate-3-GGCACTTCGATGCAGG
plate-3_RA_GGCTGGCATATGCAGG.fastq	plate-3_RB_GGCTGGCATATGCAGG.fastq	plate-3-GGCTGGCATATGCAGG
plate-3_RA_GGGTCGTAGATGCAGG.fastq	plate-3_RB_GGGTCGTAGATGCAGG.fastq	plate-3-GGGTCGTAGATGCAGG
plate-3_RA_GGACACGAGATGCAGG.fastq	plate-3_RB_GGACACGAGATGCAGG.fastq	plate-3-GGACACGAGATGCAGG
plate-3_RA_GGACGACAAGTGCAGG.fastq	plate-3_RB_GGACGACAAGTGCAGG.fastq	plate-3-GGACGACAAGTGCAGG
plate-3_RA_GGGACAGTGCTGCAGG.fastq	plate-3_RB_GGGACAGTGCTGCAGG.fastq	plate-3-GGGACAGTGCTGCAGG
plate-3_RA_GGAGTACAAGTGCAGG.fastq	plate-3_RB_GGAGTACAAGTGCAGG.fastq	plate-3-GGAGTACAAGTGCAGG
plate-3_RA_GGACGTATCATGCAGG.fastq	plate-3_RB_GGACGTATCATGCAGG.fastq	plate-3-GGACGTATCATGCAGG
plate-3_RA_GGCAGCGTTATGCAGG.fastq	plate-3_RB_GGCAGCGTTATGCAGG.fastq	plate-3-GGCAGCGTTATGCAGG
plate-3_RA_GGGAATCTGATGCAGG.fastq	plate-3_RB_GGGAATCTGATGCAGG.fastq	plate-3-GGGAATCTGATGCAGG
plate-3_RA_GGGTCTGTCATGCAGG.fastq	plate-3_RB_GGGTCTGTCATGCAGG.fastq	plate-3-GGGTCTGTCATGCAGG
plate-3_RA_GGAAGAGATCTGCAGG.fastq	plate-3_RB_GGAAGAGATCTGCAGG.fastq	plate-3-GGAAGAGATCTGCAGG
plate-3_RA_GGATTGGCTCTGCAGG.fastq	plate-3_RB_GGATTGGCTCTGCAGG.fastq	plate-3-GGATTGGCTCTGCAGG
plate-3_RA_GGGAGTTAGCTGCAGG.fastq	plate-3_RB_GGGAGTTAGCTGCAGG.fastq	plate-3-GGGAGTTAGCTGCAGG
plate-3_RA_GGCATCAAGTTGCAGG.fastq	plate-3_RB_GGCATCAAGTTGCAGG.fastq	plate-3-GGCATCAAGTTGCAGG
plate-3_RA_GGACTATGCATGCAGG.fastq	plate-3_RB_GGACTATGCATGCAGG.fastq	plate-3-GGACTATGCATGCAGG
plate-3_RA_GGCATACCAATGCAGG.fastq	plate-3_RB_GGCATACCAATGCAGG.fastq	plate-3-GGCATACCAATGCAGG
plate-3_RA_GGGACTAGTATGCAGG.fastq	plate-3_RB_GGGACTAGTATGCAGG.fastq	plate-3-GGGACTAGTATGCAGG
plate-3_RA_GGGTGTTCTATGCAGG.fastq	plate-3_RB_GGGTGTTCTATGCAGG.fastq	plate-3-GGGTGTTCTATGCAGG
plate-3_RA_GGAAGGACACTGCAGG.fastq	plate-3_RB_GGAAGGACACTGCAGG.fastq	plate-3-GGAAGGACACTGCAGG
plate-3_RA_GGCAAGGAGCTGCAGG.fastq	plate-3_RB_GGCAAGGAGCTGCAGG.fastq	plate-3-GGCAAGGAGCTGCAGG
plate-3_RA_GGGATGAATCTGCAGG.fastq	plate-3_RB_GGGATGAATCTGCAGG.fastq	plate-3-GGGATGAATCTGCAGG
plate-3_RA_GGAGTGGTCATGCAGG.fastq	plate-3_RB_GGAGTGGTCATGCAGG.fastq	plate-3-GGAGTGGTCATGCAGG
plate-3_RA_GGAGAGTCAATGCAGG.fastq	plate-3_RB_GGAGAGTCAATGCAGG.fastq	plate-3-GGAGAGTCAATGCAGG
plate-3_RA_GGCCAGTTCATGCAGG.fastq	plate-3_RB_GGCCAGTTCATGCAGG.fastq	plate-3-GGCCAGTTCATGCAGG
plate-4_RA_GGACAAGCTATGCAGG.fastq	plate-4_RB_GGACAAGCTATGCAGG.fastq	plate-4-GGACAAGCTATGCAGG
plate-4_RA_GGAACAACCATGCAGG.fastq	plate-4_RB_GGAACAACCATGCAGG.fastq	plate-4-GGAACAACCATGCAGG
plate-4_RA_GGAGATCGCATGCAGG.fastq	plate-4_RB_GGAGATCGCATGCAGG.fastq	plate-4-GGAGATCGCATGCAGG
plate-4_RA_GGCCGAAGTATGCAGG.fastq	plate-4_RB_GGCCGAAGTATGCAGG.fastq	plate-4-GGCCGAAGTATGCAGG
plate-4_RA_GGGATAGACATGCAGG.fastq	plate-4_RB_GGGATAGACATGCAGG.fastq	plate-4-GGGATAGACATGCAGG
plate-4_RA_GGTATCAGCATGCAGG.fastq	plate-4_RB_GGTATCAGCATGCAGG.fastq	plate-4-GGTATCAGCATGCAGG
plate-4_RA_GGAATGTTGCTGCAGG.fastq	plate-4_RB_GGAATGTTGCTGCAGG.fastq	plate-4-GGAATGTTGCTGCAGG
plate-4_RA_GGCCATCCTCTGCAGG.fastq	plate-4_RB_GGCCATCCTCTGCAGG.fastq	plate-4-GGCCATCCTCTGCAGG
plate-4_RA_GGAAACATCGTGCAGG.fastq	plate-4_RB_GGAAACATCGTGCAGG.fastq	plate-4-GGAAACATCGTGCAGG
plate-4_RA_GGAACCGAGATGCAGG.fastq	plate-4_RB_GGAACCGAGATGCAGG.fastq	plate-4-GGAACCGAGATGCAGG
plate-4_RA_GGAGCAGGAATGCAGG.fastq	plate-4_RB_GGAGCAGGAATGCAGG.fastq	plate-4-GGAGCAGGAATGCAGG
plate-4_RA_GGCCGTGAGATGCAGG.fastq	plate-4_RB_GGCCGTGAGATGCAGG.fastq	plate-4-GGCCGTGAGATGCAGG
plate-4_RA_GGGCCACATATGCAGG.fastq	plate-4_RB_GGGCCACATATGCAGG.fastq	plate-4-GGGCCACATATGCAGG
plate-4_RA_GGTCCGTCTATGCAGG.fastq	plate-4_RB_GGTCCGTCTATGCAGG.fastq	plate-4-GGTCCGTCTATGCAGG
plate-4_RA_GGACACTGACTGCAGG.fastq	plate-4_RB_GGACACTGACTGCAGG.fastq	plate-4-GGACACTGACTGCAGG
plate-4_RA_GGCCGACAACTGCAGG.fastq	plate-4_RB_GGCCGACAACTGCAGG.fastq	plate-4-GGCCGACAACTGCAGG
plate-4_RA_GGACATTGGCTGCAGG.fastq	plate-4_RB_GGACATTGGCTGCAGG.fastq	plate-4-GGACATTGGCTGCAGG
plate-4_RA_GGAACGCTTATGCAGG.fastq	plate-4_RB_GGAACGCTTATGCAGG.fastq	plate-4-GGAACGCTTATGCAGG
plate-4_RA_GGAGTCACTATGCAGG.fastq	plate-4_RB_GGAGTCACTATGCAGG.fastq	plate-4-GGAGTCACTATGCAGG
plate-4_RA_GGCCTCCTGATGCAGG.fastq	plate-4_RB_GGCCTCCTGATGCAGG.fastq	plate-4-GGCCTCCTGATGCAGG
plate-4_RA_GGGCGAGTAATGCAGG.fastq	plate-4_RB_GGGCGAGTAATGCAGG.fastq	plate-4-GGGCGAGTAATGCAGG
plate-4_RA_GGTCTTCACATGCAGG.fastq	plate-4_RB_GGTCTTCACATGCAGG.fastq	plate-4-GGTCTTCACATGCAGG
plate-4_RA_GGACAGATTCTGCAGG.fastq	plate-4_RB_GGACAGATTCTGCAGG.fastq	plate-4-GGACAGATTCTGCAGG
plate-4_RA_GGAGTCAAGCTGCAGG.fastq	plate-4_RB_GGAGTCAAGCTGCAGG.fastq	plate-4-GGAGTCAAGCTGCAGG
plate-4_RA_GGACCACTGTTGCAGG.fastq	plate-4_RB_GGACCACTGTTGCAGG.fastq	plate-4-GGACCACTGTTGCAGG
plate-4_RA_GGAAGACGGATGCAGG.fastq	plate-4_RB_GGAAGACGGATGCAGG.fastq	plate-4-GGAAGACGGATGCAGG
plate-4_RA_GGATCCTGTATGCAGG.fastq	plate-4_RB_GGATCCTGTATGCAGG.fastq	plate-4-GGATCCTGTATGCAGG
plate-4_RA_GGCGAACTTATGCAGG.fastq	plate-4_RB_GGCGAACTTATGCAGG.fastq	plate-4-GGCGAACTTATGCAGG
plate-4_RA_GGGCTAACGATGCAGG.fastq	plate-4_RB_GGGCTAACGATGCAGG.fastq	plate-4-GGGCTAACGATGCAGG
plate-4_RA_GGTGAAGAGATGCAGG.fastq	plate-4_RB_GGTGAAGAGATGCAGG.fastq	plate-4-GGTGAAGAGATGCAGG
plate-4_RA_GGAGATGTACTGCAGG.fastq	plate-4_RB_GGAGATGTACTGCAGG.fastq	plate-4-GGAGATGTACTGCAGG
plate-4_RA_GGCCTCTATCTGCAGG.fastq	plate-4_RB_GGCCTCTATCTGCAGG.fastq	plate-4-GGCCTCTATCTGCAGG
plate-4_RA_GGAACGTGATTGCAGG.fastq	plate-4_RB_GGAACGTGATTGCAGG.fastq	plate-4-GGAACGTGATTGCAGG
plate-4_RA_GGAAGGTACATGCAGG.fastq	plate-4_RB_GGAAGGTACATGCAGG.fastq	plate-4-GGAAGGTACATGCAGG
plate-4_RA_GGATTGAGGATGCAGG.fastq	plate-4_RB_GGATTGAGGATGCAGG.fastq	plate-4-GGATTGAGGATGCAGG
plate-4_RA_GGCGACTGGATGCAGG.fastq	plate-4_RB_GGCGACTGGATGCAGG.fastq	plate-4-GGCGACTGGATGCAGG
plate-4_RA_GGGCTCGGTATGCAGG.fastq	plate-4_RB_GGGCTCGGTATGCAGG.fastq	plate-4-GGGCTCGGTATGCAGG
plate-4_RA_GGTGGAACAATGCAGG.fastq	plate-4_RB_GGTGGAACAATGCAGG.fastq	plate-4-GGTGGAACAATGCAGG
plate-4_RA_GGAGCACCTCTGCAGG.fastq	plate-4_RB_GGAGCACCTCTGCAGG.fastq	plate-4-GGAGCACCTCTGCAGG
plate-4_RA_GGCGACACACTGCAGG.fastq	plate-4_RB_GGCGACACACTGCAGG.fastq	plate-4-GGCGACACACTGCAGG
plate-4_RA_GGCGCTGATCTGCAGG.fastq	plate-4_RB_GGCGCTGATCTGCAGG.fastq	plate-4-GGCGCTGATCTGCAGG
plate-4_RA_GGACACAGAATGCAGG.fastq	plate-4_RB_GGACACAGAATGCAGG.fastq	plate-4-GGACACAGAATGCAGG
plate-4_RA_GGCAACCACATGCAGG.fastq	plate-4_RB_GGCAACCACATGCAGG.fastq	plate-4-GGCAACCACATGCAGG
plate-4_RA_GGCGCATACATGCAGG.fastq	plate-4_RB_GGCGCATACATGCAGG.fastq	plate-4-GGCGCATACATGCAGG
plate-4_RA_GGGGAGAACATGCAGG.fastq	plate-4_RB_GGGGAGAACATGCAGG.fastq	plate-4-GGGGAGAACATGCAGG
plate-4_RA_GGTGGCTTCATGCAGG.fastq	plate-4_RB_GGTGGCTTCATGCAGG.fastq	plate-4-GGTGGCTTCATGCAGG
plate-4_RA_GGAGCCATGCTGCAGG.fastq	plate-4_RB_GGAGCCATGCTGCAGG.fastq	plate-4-GGAGCCATGCTGCAGG
plate-4_RA_GGCGGATTGCTGCAGG.fastq	plate-4_RB_GGCGGATTGCTGCAGG.fastq	plate-4-GGCGGATTGCTGCAGG
plate-4_RA_GGCAGATCTGTGCAGG.fastq	plate-4_RB_GGCAGATCTGTGCAGG.fastq	plate-4-GGCAGATCTGTGCAGG
plate-4_RA_GGACAGCAGATGCAGG.fastq	plate-4_RB_GGACAGCAGATGCAGG.fastq	plate-4-GGACAGCAGATGCAGG
plate-4_RA_GGCAAGACTATGCAGG.fastq	plate-4_RB_GGCAAGACTATGCAGG.fastq	plate-4-GGCAAGACTATGCAGG
plate-4_RA_GGCTCAATGATGCAGG.fastq	plate-4_RB_GGCTCAATGATGCAGG.fastq	plate-4-GGCTCAATGATGCAGG
plate-4_RA_GGGGTGCGAATGCAGG.fastq	plate-4_RB_GGGGTGCGAATGCAGG.fastq	plate-4-GGGGTGCGAATGCAGG
plate-4_RA_GGTGGTGGTATGCAGG.fastq	plate-4_RB_GGTGGTGGTATGCAGG.fastq	plate-4-GGTGGTGGTATGCAGG
plate-4_RA_GGAGGCTAACTGCAGG.fastq	plate-4_RB_GGAGGCTAACTGCAGG.fastq	plate-4-GGAGGCTAACTGCAGG
plate-4_RA_GGCTAAGGTCTGCAGG.fastq	plate-4_RB_GGCTAAGGTCTGCAGG.fastq	plate-4-GGCTAAGGTCTGCAGG
plate-4_RA_GGATGCCTAATGCAGG.fastq	plate-4_RB_GGATGCCTAATGCAGG.fastq	plate-4-GGATGCCTAATGCAGG
plate-4_RA_GGACCTCCAATGCAGG.fastq	plate-4_RB_GGACCTCCAATGCAGG.fastq	plate-4-GGACCTCCAATGCAGG
plate-4_RA_GGCAATGGAATGCAGG.fastq	plate-4_RB_GGCAATGGAATGCAGG.fastq	plate-4-GGCAATGGAATGCAGG
plate-4_RA_GGCTGAGCCATGCAGG.fastq	plate-4_RB_GGCTGAGCCATGCAGG.fastq	plate-4-GGCTGAGCCATGCAGG
plate-4_RA_GGGTACGCAATGCAGG.fastq	plate-4_RB_GGGTACGCAATGCAGG.fastq	plate-4-GGGTACGCAATGCAGG
plate-4_RA_GGTTCACGCATGCAGG.fastq	plate-4_RB_GGTTCACGCATGCAGG.fastq	plate-4-GGTTCACGCATGCAGG
plate-4_RA_GGATAGCGACTGCAGG.fastq	plate-4_RB_GGATAGCGACTGCAGG.fastq	plate-4-GGATAGCGACTGCAGG
plate-4_RA_GGGAACAGGCTGCAGG.fastq	plate-4_RB_GGGAACAGGCTGCAGG.fastq	plate-4-GGGAACAGGCTGCAGG
plate-4_RA_GGAACGAACGTGCAGG.fastq	plate-4_RB_GGAACGAACGTGCAGG.fastq	plate-4-GGAACGAACGTGCAGG
plate-4_RA_GGACGCTCGATGCAGG.fastq	plate-4_RB_GGACGCTCGATGCAGG.fastq	plate-4-GGACGCTCGATGCAGG
plate-4_RA_GGCACTTCGATGCAGG.fastq	plate-4_RB_GGCACTTCGATGCAGG.fastq	plate-4-GGCACTTCGATGCAGG
plate-4_RA_GGCTGGCATATGCAGG.fastq	plate-4_RB_GGCTGGCATATGCAGG.fastq	plate-4-GGCTGGCATATGCAGG
plate-4_RA_GGGTCGTAGATGCAGG.fastq	plate-4_RB_GGGTCGTAGATGCAGG.fastq	plate-4-GGGTCGTAGATGCAGG
plate-4_RA_GGACACGAGATGCAGG.fastq	plate-4_RB_GGACACGAGATGCAGG.fastq	plate-4-GGACACGAGATGCAGG
plate-4_RA_GGACGACAAGTGCAGG.fastq	plate-4_RB_GGACGACAAGTGCAGG.fastq	plate-4-GGACGACAAGTGCAGG
plate-4_RA_GGGACAGTGCTGCAGG.fastq	plate-4_RB_GGGACAGTGCTGCAGG.fastq	plate-4-GGGACAGTGCTGCAGG
plate-4_RA_GGAGTACAAGTGCAGG.fastq	plate-4_RB_GGAGTACAAGTGCAGG.fastq	plate-4-GGAGTACAAGTGCAGG
plate-4_RA_GGACGTATCATGCAGG.fastq	plate-4_RB_GGACGTATCATGCAGG.fastq	plate-4-GGACGTATCATGCAGG
plate-4_RA_GGCAGCGTTATGCAGG.fastq	plate-4_RB_GGCAGCGTTATGCAGG.fastq	plate-4-GGCAGCGTTATGCAGG
plate-4_RA_GGGAATCTGATGCAGG.fastq	plate-4_RB_GGGAATCTGATGCAGG.fastq	plate-4-GGGAATCTGATGCAGG
plate-4_RA_GGGTCTGTCATGCAGG.fastq	plate-4_RB_GGGTCTGTCATGCAGG.fastq	plate-4-GGGTCTGTCATGCAGG
plate-4_RA_GGAAGAGATCTGCAGG.fastq	plate-4_RB_GGAAGAGATCTGCAGG.fastq	plate-4-GGAAGAGATCTGCAGG
plate-4_RA_GGATTGGCTCTGCAGG.fastq	plate-4_RB_GGATTGGCTCTGCAGG.fastq	plate-4-GGATTGGCTCTGCAGG
plate-4_RA_GGGAGTTAGCTGCAGG.fastq	plate-4_RB_GGGAGTTAGCTGCAGG.fastq	plate-4-GGGAGTTAGCTGCAGG
plate-4_RA_GGCATCAAGTTGCAGG.fastq	plate-4_RB_GGCATCAAGTTGCAGG.fastq	plate-4-GGCATCAAGTTGCAGG
plate-4_RA_GGACTATGCATGCAGG.fastq	plate-4_RB_GGACTATGCATGCAGG.fastq	plate-4-GGACTATGCATGCAGG
plate-4_RA_GGCATACCAATGCAGG.fastq	plate-4_RB_GGCATACCAATGCAGG.fastq	plate-4-GGCATACCAATGCAGG
plate-4_RA_GGGACTAGTATGCAGG.fastq	plate-4_RB_GGGACTAGTATGCAGG.fastq	plate-4-GGGACTAGTATGCAGG
plate-4_RA_GGGTGTTCTATGCAGG.fastq	plate-4_RB_GGGTGTTCTATGCAGG.fastq	plate-4-GGGTGTTCTATGCAGG
plate-4_RA_GGAAGGACACTGCAGG.fastq	plate-4_RB_GGAAGGACACTGCAGG.fastq	plate-4-GGAAGGACACTGCAGG
plate-4_RA_GGCAAGGAGCTGCAGG.fastq	plate-4_RB_GGCAAGGAGCTGCAGG.fastq	plate-4-GGCAAGGAGCTGCAGG
plate-4_RA_GGGATGAATCTGCAGG.fastq	plate-4_RB_GGGATGAATCTGCAGG.fastq	plate-4-GGGATGAATCTGCAGG
plate-4_RA_GGAGTGGTCATGCAGG.fastq	plate-4_RB_GGAGTGGTCATGCAGG.fastq	plate-4-GGAGTGGTCATGCAGG
plate-4_RA_GGAGAGTCAATGCAGG.fastq	plate-4_RB_GGAGAGTCAATGCAGG.fastq	plate-4-GGAGAGTCAATGCAGG
plate-4_RA_GGCCAGTTCATGCAGG.fastq	plate-4_RB_GGCCAGTTCATGCAGG.fastq	plate-4-GGCCAGTTCATGCAGG
plate-4_RA_GGCACCTTACTGCAGG.fastq	plate-4_RB_GGCACCTTACTGCAGG.fastq	plate-4-GGCACCTTACTGCAGG
plate-4_RA_GGGCCAAGACTGCAGG.fastq	plate-4_RB_GGGCCAAGACTGCAGG.fastq	plate-4-GGGCCAAGACTGCAGG
plate-5_RA_GGACAAGCTATGCAGG.fastq	plate-5_RB_GGACAAGCTATGCAGG.fastq	plate-5-GGACAAGCTATGCAGG
plate-5_RA_GGAACAACCATGCAGG.fastq	plate-5_RB_GGAACAACCATGCAGG.fastq	plate-5-GGAACAACCATGCAGG
plate-5_RA_GGAGATCGCATGCAGG.fastq	plate-5_RB_GGAGATCGCATGCAGG.fastq	plate-5-GGAGATCGCATGCAGG
plate-5_RA_GGCCGAAGTATGCAGG.fastq	plate-5_RB_GGCCGAAGTATGCAGG.fastq	plate-5-GGCCGAAGTATGCAGG
plate-5_RA_GGGATAGACATGCAGG.fastq	plate-5_RB_GGGATAGACATGCAGG.fastq	plate-5-GGGATAGACATGCAGG
plate-5_RA_GGTATCAGCATGCAGG.fastq	plate-5_RB_GGTATCAGCATGCAGG.fastq	plate-5-GGTATCAGCATGCAGG
plate-5_RA_GGAATGTTGCTGCAGG.fastq	plate-5_RB_GGAATGTTGCTGCAGG.fastq	plate-5-GGAATGTTGCTGCAGG
plate-5_RA_GGCCATCCTCTGCAGG.fastq	plate-5_RB_GGCCATCCTCTGCAGG.fastq	plate-5-GGCCATCCTCTGCAGG
plate-5_RA_GGAAACATCGTGCAGG.fastq	plate-5_RB_GGAAACATCGTGCAGG.fastq	plate-5-GGAAACATCGTGCAGG
plate-5_RA_GGAACCGAGATGCAGG.fastq	plate-5_RB_GGAACCGAGATGCAGG.fastq	plate-5-GGAACCGAGATGCAGG
plate-5_RA_GGAGCAGGAATGCAGG.fastq	plate-5_RB_GGAGCAGGAATGCAGG.fastq	plate-5-GGAGCAGGAATGCAGG
plate-5_RA_GGCCGTGAGATGCAGG.fastq	plate-5_RB_GGCCGTGAGATGCAGG.fastq	plate-5-GGCCGTGAGATGCAGG
plate-5_RA_GGGCCACATATGCAGG.fastq	plate-5_RB_GGGCCACATATGCAGG.fastq	plate-5-GGGCCACATATGCAGG
plate-5_RA_GGTCCGTCTATGCAGG.fastq	plate-5_RB_GGTCCGTCTATGCAGG.fastq	plate-5-GGTCCGTCTATGCAGG
plate-5_RA_GGACACTGACTGCAGG.fastq	plate-5_RB_GGACACTGACTGCAGG.fastq	plate-5-GGACACTGACTGCAGG
plate-5_RA_GGCCGACAACTGCAGG.fastq	plate-5_RB_GGCCGACAACTGCAGG.fastq	plate-5-GGCCGACAACTGCAGG
plate-5_RA_GGACATTGGCTGCAGG.fastq	plate-5_RB_GGACATTGGCTGCAGG.fastq	plate-5-GGACATTGGCTGCAGG
plate-5_RA_GGAACGCTTATGCAGG.fastq	plate-5_RB_GGAACGCTTATGCAGG.fastq	plate-5-GGAACGCTTATGCAGG
plate-5_RA_GGAGTCACTATGCAGG.fastq	plate-5_RB_GGAGTCACTATGCAGG.fastq	plate-5-GGAGTCACTATGCAGG
plate-5_RA_GGCCTCCTGATGCAGG.fastq	plate-5_RB_GGCCTCCTGATGCAGG.fastq	plate-5-GGCCTCCTGATGCAGG
plate-5_RA_GGGCGAGTAATGCAGG.fastq	plate-5_RB_GGGCGAGTAATGCAGG.fastq	plate-5-GGGCGAGTAATGCAGG
plate-5_RA_GGTCTTCACATGCAGG.fastq	plate-5_RB_GGTCTTCACATGCAGG.fastq	plate-5-GGTCTTCACATGCAGG
plate-5_RA_GGACAGATTCTGCAGG.fastq	plate-5_RB_GGACAGATTCTGCAGG.fastq	plate-5-GGACAGATTCTGCAGG
plate-5_RA_GGAGTCAAGCTGCAGG.fastq	plate-5_RB_GGAGTCAAGCTGCAGG.fastq	plate-5-GGAGTCAAGCTGCAGG
plate-5_RA_GGACCACTGTTGCAGG.fastq	plate-5_RB_GGACCACTGTTGCAGG.fastq	plate-5-GGACCACTGTTGCAGG
plate-5_RA_GGAAGACGGATGCAGG.fastq	plate-5_RB_GGAAGACGGATGCAGG.fastq	plate-5-GGAAGACGGATGCAGG
plate-5_RA_GGATCCTGTATGCAGG.fastq	plate-5_RB_GGATCCTGTATGCAGG.fastq	plate-5-GGATCCTGTATGCAGG
plate-5_RA_GGCGAACTTATGCAGG.fastq	plate-5_RB_GGCGAACTTATGCAGG.fastq	plate-5-GGCGAACTTATGCAGG
plate-5_RA_GGGCTAACGATGCAGG.fastq	plate-5_RB_GGGCTAACGATGCAGG.fastq	plate-5-GGGCTAACGATGCAGG
plate-5_RA_GGTGAAGAGATGCAGG.fastq	plate-5_RB_GGTGAAGAGATGCAGG.fastq	plate-5-GGTGAAGAGATGCAGG
plate-5_RA_GGAGATGTACTGCAGG.fastq	plate-5_RB_GGAGATGTACTGCAGG.fastq	plate-5-GGAGATGTACTGCAGG
plate-5_RA_GGCCTCTATCTGCAGG.fastq	plate-5_RB_GGCCTCTATCTGCAGG.fastq	plate-5-GGCCTCTATCTGCAGG
plate-5_RA_GGAACGTGATTGCAGG.fastq	plate-5_RB_GGAACGTGATTGCAGG.fastq	plate-5-GGAACGTGATTGCAGG
plate-5_RA_GGAAGGTACATGCAGG.fastq	plate-5_RB_GGAAGGTACATGCAGG.fastq	plate-5-GGAAGGTACATGCAGG
plate-5_RA_GGATTGAGGATGCAGG.fastq	plate-5_RB_GGATTGAGGATGCAGG.fastq	plate-5-GGATTGAGGATGCAGG
plate-5_RA_GGCGACTGGATGCAGG.fastq	plate-5_RB_GGCGACTGGATGCAGG.fastq	plate-5-GGCGACTGGATGCAGG
plate-5_RA_GGGCTCGGTATGCAGG.fastq	plate-5_RB_GGGCTCGGTATGCAGG.fastq	plate-5-GGGCTCGGTATGCAGG
plate-5_RA_GGTGGAACAATGCAGG.fastq	plate-5_RB_GGTGGAACAATGCAGG.fastq	plate-5-GGTGGAACAATGCAGG
plate-5_RA_GGAGCACCTCTGCAGG.fastq	plate-5_RB_GGAGCACCTCTGCAGG.fastq	plate-5-GGAGCACCTCTGCAGG
plate-5_RA_GGCGACACACTGCAGG.fastq	plate-5_RB_GGCGACACACTGCAGG.fastq	plate-5-GGCGACACACTGCAGG
plate-5_RA_GGCGCTGATCTGCAGG.fastq	plate-5_RB_GGCGCTGATCTGCAGG.fastq	plate-5-GGCGCTGATCTGCAGG
plate-5_RA_GGACACAGAATGCAGG.fastq	plate-5_RB_GGACACAGAATGCAGG.fastq	plate-5-GGACACAGAATGCAGG
plate-5_RA_GGCAACCACATGCAGG.fastq	plate-5_RB_GGCAACCACATGCAGG.fastq	plate-5-GGCAACCACATGCAGG
plate-5_RA_GGCGCATACATGCAGG.fastq	plate-5_RB_GGCGCATACATGCAGG.fastq	plate-5-GGCGCATACATGCAGG
plate-5_RA_GGGGAGAACATGCAGG.fastq	plate-5_RB_GGGGAGAACATGCAGG.fastq	plate-5-GGGGAGAACATGCAGG
plate-5_RA_GGTGGCTTCATGCAGG.fastq	plate-5_RB_GGTGGCTTCATGCAGG.fastq	plate-5-GGTGGCTTCATGCAGG
plate-5_RA_GGAGCCATGCTGCAGG.fastq	plate-5_RB_GGAGCCATGCTGCAGG.fastq	plate-5-GGAGCCATGCTGCAGG
plate-5_RA_GGCGGATTGCTGCAGG.fastq	plate-5_RB_GGCGGATTGCTGCAGG.fastq	plate-5-GGCGGATTGCTGCAGG
plate-5_RA_GGCAGATCTGTGCAGG.fastq	plate-5_RB_GGCAGATCTGTGCAGG.fastq	plate-5-GGCAGATCTGTGCAGG
plate-5_RA_GGACAGCAGATGCAGG.fastq	plate-5_RB_GGACAGCAGATGCAGG.fastq	plate-5-GGACAGCAGATGCAGG
plate-5_RA_GGCAAGACTATGCAGG.fastq	plate-5_RB_GGCAAGACTATGCAGG.fastq	plate-5-GGCAAGACTATGCAGG
plate-5_RA_GGCTCAATGATGCAGG.fastq	plate-5_RB_GGCTCAATGATGCAGG.fastq	plate-5-GGCTCAATGATGCAGG
plate-5_RA_GGGGTGCGAATGCAGG.fastq	plate-5_RB_GGGGTGCGAATGCAGG.fastq	plate-5-GGGGTGCGAATGCAGG
plate-5_RA_GGTGGTGGTATGCAGG.fastq	plate-5_RB_GGTGGTGGTATGCAGG.fastq	plate-5-GGTGGTGGTATGCAGG
plate-5_RA_GGAGGCTAACTGCAGG.fastq	plate-5_RB_GGAGGCTAACTGCAGG.fastq	plate-5-GGAGGCTAACTGCAGG
plate-5_RA_GGCTAAGGTCTGCAGG.fastq	plate-5_RB_GGCTAAGGTCTGCAGG.fastq	plate-5-GGCTAAGGTCTGCAGG
plate-5_RA_GGATGCCTAATGCAGG.fastq	plate-5_RB_GGATGCCTAATGCAGG.fastq	plate-5-GGATGCCTAATGCAGG
plate-5_RA_GGACCTCCAATGCAGG.fastq	plate-5_RB_GGACCTCCAATGCAGG.fastq	plate-5-GGACCTCCAATGCAGG
plate-5_RA_GGCAATGGAATGCAGG.fastq	plate-5_RB_GGCAATGGAATGCAGG.fastq	plate-5-GGCAATGGAATGCAGG
plate-5_RA_GGCTGAGCCATGCAGG.fastq	plate-5_RB_GGCTGAGCCATGCAGG.fastq	plate-5-GGCTGAGCCATGCAGG
plate-5_RA_GGGTACGCAATGCAGG.fastq	plate-5_RB_GGGTACGCAATGCAGG.fastq	plate-5-GGGTACGCAATGCAGG
plate-5_RA_GGTTCACGCATGCAGG.fastq	plate-5_RB_GGTTCACGCATGCAGG.fastq	plate-5-GGTTCACGCATGCAGG
plate-5_RA_GGATAGCGACTGCAGG.fastq	plate-5_RB_GGATAGCGACTGCAGG.fastq	plate-5-GGATAGCGACTGCAGG
plate-5_RA_GGGAACAGGCTGCAGG.fastq	plate-5_RB_GGGAACAGGCTGCAGG.fastq	plate-5-GGGAACAGGCTGCAGG
plate-5_RA_GGAACGAACGTGCAGG.fastq	plate-5_RB_GGAACGAACGTGCAGG.fastq	plate-5-GGAACGAACGTGCAGG
plate-5_RA_GGACGCTCGATGCAGG.fastq	plate-5_RB_GGACGCTCGATGCAGG.fastq	plate-5-GGACGCTCGATGCAGG
plate-5_RA_GGCACTTCGATGCAGG.fastq	plate-5_RB_GGCACTTCGATGCAGG.fastq	plate-5-GGCACTTCGATGCAGG
plate-5_RA_GGCTGGCATATGCAGG.fastq	plate-5_RB_GGCTGGCATATGCAGG.fastq	plate-5-GGCTGGCATATGCAGG
plate-5_RA_GGGTCGTAGATGCAGG.fastq	plate-5_RB_GGGTCGTAGATGCAGG.fastq	plate-5-GGGTCGTAGATGCAGG
plate-5_RA_GGACACGAGATGCAGG.fastq	plate-5_RB_GGACACGAGATGCAGG.fastq	plate-5-GGACACGAGATGCAGG
plate-5_RA_GGACGACAAGTGCAGG.fastq	plate-5_RB_GGACGACAAGTGCAGG.fastq	plate-5-GGACGACAAGTGCAGG
plate-5_RA_GGGACAGTGCTGCAGG.fastq	plate-5_RB_GGGACAGTGCTGCAGG.fastq	plate-5-GGGACAGTGCTGCAGG
plate-5_RA_GGAGTACAAGTGCAGG.fastq	plate-5_RB_GGAGTACAAGTGCAGG.fastq	plate-5-GGAGTACAAGTGCAGG
plate-5_RA_GGACGTATCATGCAGG.fastq	plate-5_RB_GGACGTATCATGCAGG.fastq	plate-5-GGACGTATCATGCAGG
plate-5_RA_GGCAGCGTTATGCAGG.fastq	plate-5_RB_GGCAGCGTTATGCAGG.fastq	plate-5-GGCAGCGTTATGCAGG
plate-5_RA_GGGAATCTGATGCAGG.fastq	plate-5_RB_GGGAATCTGATGCAGG.fastq	plate-5-GGGAATCTGATGCAGG
plate-5_RA_GGGTCTGTCATGCAGG.fastq	plate-5_RB_GGGTCTGTCATGCAGG.fastq	plate-5-GGGTCTGTCATGCAGG
plate-5_RA_GGAAGAGATCTGCAGG.fastq	plate-5_RB_GGAAGAGATCTGCAGG.fastq	plate-5-GGAAGAGATCTGCAGG
plate-5_RA_GGATTGGCTCTGCAGG.fastq	plate-5_RB_GGATTGGCTCTGCAGG.fastq	plate-5-GGATTGGCTCTGCAGG
plate-5_RA_GGGAGTTAGCTGCAGG.fastq	plate-5_RB_GGGAGTTAGCTGCAGG.fastq	plate-5-GGGAGTTAGCTGCAGG
plate-5_RA_GGCATCAAGTTGCAGG.fastq	plate-5_RB_GGCATCAAGTTGCAGG.fastq	plate-5-GGCATCAAGTTGCAGG
plate-5_RA_GGACTATGCATGCAGG.fastq	plate-5_RB_GGACTATGCATGCAGG.fastq	plate-5-GGACTATGCATGCAGG
plate-5_RA_GGCATACCAATGCAGG.fastq	plate-5_RB_GGCATACCAATGCAGG.fastq	plate-5-GGCATACCAATGCAGG
plate-5_RA_GGGACTAGTATGCAGG.fastq	plate-5_RB_GGGACTAGTATGCAGG.fastq	plate-5-GGGACTAGTATGCAGG
plate-5_RA_GGGTGTTCTATGCAGG.fastq	plate-5_RB_GGGTGTTCTATGCAGG.fastq	plate-5-GGGTGTTCTATGCAGG
plate-5_RA_GGAAGGACACTGCAGG.fastq	plate-5_RB_GGAAGGACACTGCAGG.fastq	plate-5-GGAAGGACACTGCAGG
plate-5_RA_GGCAAGGAGCTGCAGG.fastq	plate-5_RB_GGCAAGGAGCTGCAGG.fastq	plate-5-GGCAAGGAGCTGCAGG
plate-5_RA_GGGATGAATCTGCAGG.fastq	plate-5_RB_GGGATGAATCTGCAGG.fastq	plate-5-GGGATGAATCTGCAGG
plate-5_RA_GGAGTGGTCATGCAGG.fastq	plate-5_RB_GGAGTGGTCATGCAGG.fastq	plate-5-GGAGTGGTCATGCAGG
plate-5_RA_GGAGAGTCAATGCAGG.fastq	plate-5_RB_GGAGAGTCAATGCAGG.fastq	plate-5-GGAGAGTCAATGCAGG
plate-5_RA_GGCCAGTTCATGCAGG.fastq	plate-5_RB_GGCCAGTTCATGCAGG.fastq	plate-5-GGCCAGTTCATGCAGG
plate-6_RA_GGACAAGCTATGCAGG.fastq	plate-6_RB_GGACAAGCTATGCAGG.fastq	plate-6-GGACAAGCTATGCAGG
plate-6_RA_GGAACAACCATGCAGG.fastq	plate-6_RB_GGAACAACCATGCAGG.fastq	plate-6-GGAACAACCATGCAGG
plate-6_RA_GGCGAACTTATGCAGG.fastq	plate-6_RB_GGCGAACTTATGCAGG.fastq	plate-6-GGCGAACTTATGCAGG
plate-6_RA_GGGCTAACGATGCAGG.fastq	plate-6_RB_GGGCTAACGATGCAGG.fastq	plate-6-GGGCTAACGATGCAGG
plate-6_RA_GGTGAAGAGATGCAGG.fastq	plate-6_RB_GGTGAAGAGATGCAGG.fastq	plate-6-GGTGAAGAGATGCAGG
plate-6_RA_GGAGATGTACTGCAGG.fastq	plate-6_RB_GGAGATGTACTGCAGG.fastq	plate-6-GGAGATGTACTGCAGG
plate-6_RA_GGCCTCTATCTGCAGG.fastq	plate-6_RB_GGCCTCTATCTGCAGG.fastq	plate-6-GGCCTCTATCTGCAGG
plate-6_RA_GGAACGTGATTGCAGG.fastq	plate-6_RB_GGAACGTGATTGCAGG.fastq	plate-6-GGAACGTGATTGCAGG
plate-6_RA_GGAAGGTACATGCAGG.fastq	plate-6_RB_GGAAGGTACATGCAGG.fastq	plate-6-GGAAGGTACATGCAGG
plate-6_RA_GGATTGAGGATGCAGG.fastq	plate-6_RB_GGATTGAGGATGCAGG.fastq	plate-6-GGATTGAGGATGCAGG
plate-6_RA_GGCGACTGGATGCAGG.fastq	plate-6_RB_GGCGACTGGATGCAGG.fastq	plate-6-GGCGACTGGATGCAGG
plate-6_RA_GGGCTCGGTATGCAGG.fastq	plate-6_RB_GGGCTCGGTATGCAGG.fastq	plate-6-GGGCTCGGTATGCAGG
plate-6_RA_GGTGGAACAATGCAGG.fastq	plate-6_RB_GGTGGAACAATGCAGG.fastq	plate-6-GGTGGAACAATGCAGG
plate-6_RA_GGAGCACCTCTGCAGG.fastq	plate-6_RB_GGAGCACCTCTGCAGG.fastq	plate-6-GGAGCACCTCTGCAGG
plate-6_RA_GGCGACACACTGCAGG.fastq	plate-6_RB_GGCGACACACTGCAGG.fastq	plate-6-GGCGACACACTGCAGG
plate-6_RA_GGCGCTGATCTGCAGG.fastq	plate-6_RB_GGCGCTGATCTGCAGG.fastq	plate-6-GGCGCTGATCTGCAGG
plate-6_RA_GGACACAGAATGCAGG.fastq	plate-6_RB_GGACACAGAATGCAGG.fastq	plate-6-GGACACAGAATGCAGG
plate-6_RA_GGCAACCACATGCAGG.fastq	plate-6_RB_GGCAACCACATGCAGG.fastq	plate-6-GGCAACCACATGCAGG
plate-6_RA_GGCGCATACATGCAGG.fastq	plate-6_RB_GGCGCATACATGCAGG.fastq	plate-6-GGCGCATACATGCAGG
plate-6_RA_GGGGAGAACATGCAGG.fastq	plate-6_RB_GGGGAGAACATGCAGG.fastq	plate-6-GGGGAGAACATGCAGG
plate-6_RA_GGTGGCTTCATGCAGG.fastq	plate-6_RB_GGTGGCTTCATGCAGG.fastq	plate-6-GGTGGCTTCATGCAGG
plate-6_RA_GGAGCCATGCTGCAGG.fastq	plate-6_RB_GGAGCCATGCTGCAGG.fastq	plate-6-GGAGCCATGCTGCAGG
plate-6_RA_GGCGGATTGCTGCAGG.fastq	plate-6_RB_GGCGGATTGCTGCAGG.fastq	plate-6-GGCGGATTGCTGCAGG
plate-6_RA_GGCAGATCTGTGCAGG.fastq	plate-6_RB_GGCAGATCTGTGCAGG.fastq	plate-6-GGCAGATCTGTGCAGG
plate-6_RA_GGACAGCAGATGCAGG.fastq	plate-6_RB_GGACAGCAGATGCAGG.fastq	plate-6-GGACAGCAGATGCAGG
plate-6_RA_GGCAAGACTATGCAGG.fastq	plate-6_RB_GGCAAGACTATGCAGG.fastq	plate-6-GGCAAGACTATGCAGG
plate-6_RA_GGCTCAATGATGCAGG.fastq	plate-6_RB_GGCTCAATGATGCAGG.fastq	plate-6-GGCTCAATGATGCAGG
plate-7_RA_GGCTAAGGTCTGCAGG.fastq	plate-7_RB_GGCTAAGGTCTGCAGG.fastq	plate-7-GGCTAAGGTCTGCAGG
plate-7_RA_GGATGCCTAATGCAGG.fastq	plate-7_RB_GGATGCCTAATGCAGG.fastq	plate-7-GGATGCCTAATGCAGG
plate-7_RA_GGACCTCCAATGCAGG.fastq	plate-7_RB_GGACCTCCAATGCAGG.fastq	plate-7-GGACCTCCAATGCAGG
plate-7_RA_GGCAATGGAATGCAGG.fastq	plate-7_RB_GGCAATGGAATGCAGG.fastq	plate-7-GGCAATGGAATGCAGG
plate-7_RA_GGCTGAGCCATGCAGG.fastq	plate-7_RB_GGCTGAGCCATGCAGG.fastq	plate-7-GGCTGAGCCATGCAGG
plate-7_RA_GGGTACGCAATGCAGG.fastq	plate-7_RB_GGGTACGCAATGCAGG.fastq	plate-7-GGGTACGCAATGCAGG
plate-7_RA_GGTTCACGCATGCAGG.fastq	plate-7_RB_GGTTCACGCATGCAGG.fastq	plate-7-GGTTCACGCATGCAGG
plate-7_RA_GGATAGCGACTGCAGG.fastq	plate-7_RB_GGATAGCGACTGCAGG.fastq	plate-7-GGATAGCGACTGCAGG
plate-7_RA_GGGAACAGGCTGCAGG.fastq	plate-7_RB_GGGAACAGGCTGCAGG.fastq	plate-7-GGGAACAGGCTGCAGG
plate-7_RA_GGAACGAACGTGCAGG.fastq	plate-7_RB_GGAACGAACGTGCAGG.fastq	plate-7-GGAACGAACGTGCAGG
plate-7_RA_GGACGCTCGATGCAGG.fastq	plate-7_RB_GGACGCTCGATGCAGG.fastq	plate-7-GGACGCTCGATGCAGG
plate-7_RA_GGCACTTCGATGCAGG.fastq	plate-7_RB_GGCACTTCGATGCAGG.fastq	plate-7-GGCACTTCGATGCAGG
plate-9_RA_GGAACGCTTATGCAGG.fastq	plate-9_RB_GGAACGCTTATGCAGG.fastq	plate-9-GGAACGCTTATGCAGG
plate-9_RA_GGAGTCACTATGCAGG.fastq	plate-9_RB_GGAGTCACTATGCAGG.fastq	plate-9-GGAGTCACTATGCAGG
plate-9_RA_GGCCTCCTGATGCAGG.fastq	plate-9_RB_GGCCTCCTGATGCAGG.fastq	plate-9-GGCCTCCTGATGCAGG
plate-9_RA_GGGCGAGTAATGCAGG.fastq	plate-9_RB_GGGCGAGTAATGCAGG.fastq	plate-9-GGGCGAGTAATGCAGG
plate-9_RA_GGTCTTCACATGCAGG.fastq	plate-9_RB_GGTCTTCACATGCAGG.fastq	plate-9-GGTCTTCACATGCAGG
plate-9_RA_GGACAGATTCTGCAGG.fastq	plate-9_RB_GGACAGATTCTGCAGG.fastq	plate-9-GGACAGATTCTGCAGG
plate-9_RA_GGAGTCAAGCTGCAGG.fastq	plate-9_RB_GGAGTCAAGCTGCAGG.fastq	plate-9-GGAGTCAAGCTGCAGG
plate-9_RA_GGACCACTGTTGCAGG.fastq	plate-9_RB_GGACCACTGTTGCAGG.fastq	plate-9-GGACCACTGTTGCAGG
plate-9_RA_GGAAGACGGATGCAGG.fastq	plate-9_RB_GGAAGACGGATGCAGG.fastq	plate-9-GGAAGACGGATGCAGG
plate-9_RA_GGATCCTGTATGCAGG.fastq	plate-9_RB_GGATCCTGTATGCAGG.fastq	plate-9-GGATCCTGTATGCAGG
plate-9_RA_GGCGAACTTATGCAGG.fastq	plate-9_RB_GGCGAACTTATGCAGG.fastq	plate-9-GGCGAACTTATGCAGG
plate-9_RA_GGGCTAACGATGCAGG.fastq	plate-9_RB_GGGCTAACGATGCAGG.fastq	plate-9-GGGCTAACGATGCAGG
plate-9_RA_GGTGAAGAGATGCAGG.fastq	plate-9_RB_GGTGAAGAGATGCAGG.fastq	plate-9-GGTGAAGAGATGCAGG
plate-9_RA_GGAGATGTACTGCAGG.fastq	plate-9_RB_GGAGATGTACTGCAGG.fastq	plate-9-GGAGATGTACTGCAGG
plate-9_RA_GGCCTCTATCTGCAGG.fastq	plate-9_RB_GGCCTCTATCTGCAGG.fastq	plate-9-GGCCTCTATCTGCAGG
plate-9_RA_GGAACGTGATTGCAGG.fastq	plate-9_RB_GGAACGTGATTGCAGG.fastq	plate-9-GGAACGTGATTGCAGG
plate-9_RA_GGAAGGTACATGCAGG.fastq	plate-9_RB_GGAAGGTACATGCAGG.fastq	plate-9-GGAAGGTACATGCAGG
plate-9_RA_GGATTGAGGATGCAGG.fastq	plate-9_RB_GGATTGAGGATGCAGG.fastq	plate-9-GGATTGAGGATGCAGG
plate-9_RA_GGCGACTGGATGCAGG.fastq	plate-9_RB_GGCGACTGGATGCAGG.fastq	plate-9-GGCGACTGGATGCAGG
plate-9_RA_GGGCTCGGTATGCAGG.fastq	plate-9_RB_GGGCTCGGTATGCAGG.fastq	plate-9-GGGCTCGGTATGCAGG
plate-9_RA_GGTGGAACAATGCAGG.fastq	plate-9_RB_GGTGGAACAATGCAGG.fastq	plate-9-GGTGGAACAATGCAGG
plate-9_RA_GGAGCACCTCTGCAGG.fastq	plate-9_RB_GGAGCACCTCTGCAGG.fastq	plate-9-GGAGCACCTCTGCAGG
plate-9_RA_GGCGACACACTGCAGG.fastq	plate-9_RB_GGCGACACACTGCAGG.fastq	plate-9-GGCGACACACTGCAGG
plate-9_RA_GGCGCTGATCTGCAGG.fastq	plate-9_RB_GGCGCTGATCTGCAGG.fastq	plate-9-GGCGCTGATCTGCAGG
plate-13_RA_GGAAGGACACTGCAGG.fastq	plate-13_RB_GGAAGGACACTGCAGG.fastq	plate-13-GGAAGGACACTGCAGG
plate-13_RA_GGCAAGGAGCTGCAGG.fastq	plate-13_RB_GGCAAGGAGCTGCAGG.fastq	plate-13-GGCAAGGAGCTGCAGG
plate-13_RA_GGGATGAATCTGCAGG.fastq	plate-13_RB_GGGATGAATCTGCAGG.fastq	plate-13-GGGATGAATCTGCAGG
plate-13_RA_GGAGTGGTCATGCAGG.fastq	plate-13_RB_GGAGTGGTCATGCAGG.fastq	plate-13-GGAGTGGTCATGCAGG
plate-13_RA_GGAGAGTCAATGCAGG.fastq	plate-13_RB_GGAGAGTCAATGCAGG.fastq	plate-13-GGAGAGTCAATGCAGG
plate-13_RA_GGCCAGTTCATGCAGG.fastq	plate-13_RB_GGCCAGTTCATGCAGG.fastq	plate-13-GGCCAGTTCATGCAGG
plate-14_RA_GGACAAGCTATGCAGG.fastq	plate-14_RB_GGACAAGCTATGCAGG.fastq	plate-14-GGACAAGCTATGCAGG
plate-14_RA_GGAACAACCATGCAGG.fastq	plate-14_RB_GGAACAACCATGCAGG.fastq	plate-14-GGAACAACCATGCAGG
plate-14_RA_GGAGATCGCATGCAGG.fastq	plate-14_RB_GGAGATCGCATGCAGG.fastq	plate-14-GGAGATCGCATGCAGG
plate-14_RA_GGCCGAAGTATGCAGG.fastq	plate-14_RB_GGCCGAAGTATGCAGG.fastq	plate-14-GGCCGAAGTATGCAGG
plate-14_RA_GGGATAGACATGCAGG.fastq	plate-14_RB_GGGATAGACATGCAGG.fastq	plate-14-GGGATAGACATGCAGG
plate-14_RA_GGTATCAGCATGCAGG.fastq	plate-14_RB_GGTATCAGCATGCAGG.fastq	plate-14-GGTATCAGCATGCAGG
plate-14_RA_GGAATGTTGCTGCAGG.fastq	plate-14_RB_GGAATGTTGCTGCAGG.fastq	plate-14-GGAATGTTGCTGCAGG
plate-14_RA_GGCCATCCTCTGCAGG.fastq	plate-14_RB_GGCCATCCTCTGCAGG.fastq	plate-14-GGCCATCCTCTGCAGG
plate-14_RA_GGAAACATCGTGCAGG.fastq	plate-14_RB_GGAAACATCGTGCAGG.fastq	plate-14-GGAAACATCGTGCAGG
plate-14_RA_GGAACGCTTATGCAGG.fastq	plate-14_RB_GGAACGCTTATGCAGG.fastq	plate-14-GGAACGCTTATGCAGG
plate-14_RA_GGAGTCACTATGCAGG.fastq	plate-14_RB_GGAGTCACTATGCAGG.fastq	plate-14-GGAGTCACTATGCAGG
plate-14_RA_GGCCTCCTGATGCAGG.fastq	plate-14_RB_GGCCTCCTGATGCAGG.fastq	plate-14-GGCCTCCTGATGCAGG
plate-14_RA_GGGCGAGTAATGCAGG.fastq	plate-14_RB_GGGCGAGTAATGCAGG.fastq	plate-14-GGGCGAGTAATGCAGG
plate-14_RA_GGTCTTCACATGCAGG.fastq	plate-14_RB_GGTCTTCACATGCAGG.fastq	plate-14-GGTCTTCACATGCAGG
plate-14_RA_GGACAGATTCTGCAGG.fastq	plate-14_RB_GGACAGATTCTGCAGG.fastq	plate-14-GGACAGATTCTGCAGG
plate-14_RA_GGAGTCAAGCTGCAGG.fastq	plate-14_RB_GGAGTCAAGCTGCAGG.fastq	plate-14-GGAGTCAAGCTGCAGG
plate-14_RA_GGACCACTGTTGCAGG.fastq	plate-14_RB_GGACCACTGTTGCAGG.fastq	plate-14-GGACCACTGTTGCAGG
plate-14_RA_GGTGGAACAATGCAGG.fastq	plate-14_RB_GGTGGAACAATGCAGG.fastq	plate-14-GGTGGAACAATGCAGG
plate-14_RA_GGAGCACCTCTGCAGG.fastq	plate-14_RB_GGAGCACCTCTGCAGG.fastq	plate-14-GGAGCACCTCTGCAGG
plate-14_RA_GGCGACACACTGCAGG.fastq	plate-14_RB_GGCGACACACTGCAGG.fastq	plate-14-GGCGACACACTGCAGG
plate-14_RA_GGCGCTGATCTGCAGG.fastq	plate-14_RB_GGCGCTGATCTGCAGG.fastq	plate-14-GGCGCTGATCTGCAGG
plate-14_RA_GGACACAGAATGCAGG.fastq	plate-14_RB_GGACACAGAATGCAGG.fastq	plate-14-GGACACAGAATGCAGG
plate-14_RA_GGCAACCACATGCAGG.fastq	plate-14_RB_GGCAACCACATGCAGG.fastq	plate-14-GGCAACCACATGCAGG
plate-14_RA_GGCGCATACATGCAGG.fastq	plate-14_RB_GGCGCATACATGCAGG.fastq	plate-14-GGCGCATACATGCAGG
plate-14_RA_GGGGAGAACATGCAGG.fastq	plate-14_RB_GGGGAGAACATGCAGG.fastq	plate-14-GGGGAGAACATGCAGG
plate-14_RA_GGTGGCTTCATGCAGG.fastq	plate-14_RB_GGTGGCTTCATGCAGG.fastq	plate-14-GGTGGCTTCATGCAGG
plate-14_RA_GGAGCCATGCTGCAGG.fastq	plate-14_RB_GGAGCCATGCTGCAGG.fastq	plate-14-GGAGCCATGCTGCAGG
plate-14_RA_GGCGGATTGCTGCAGG.fastq	plate-14_RB_GGCGGATTGCTGCAGG.fastq	plate-14-GGCGGATTGCTGCAGG
plate-14_RA_GGCAGATCTGTGCAGG.fastq	plate-14_RB_GGCAGATCTGTGCAGG.fastq	plate-14-GGCAGATCTGTGCAGG
plate-14_RA_GGACAGCAGATGCAGG.fastq	plate-14_RB_GGACAGCAGATGCAGG.fastq	plate-14-GGACAGCAGATGCAGG
plate-14_RA_GGCAAGACTATGCAGG.fastq	plate-14_RB_GGCAAGACTATGCAGG.fastq	plate-14-GGCAAGACTATGCAGG
plate-14_RA_GGCTCAATGATGCAGG.fastq	plate-14_RB_GGCTCAATGATGCAGG.fastq	plate-14-GGCTCAATGATGCAGG
plate-14_RA_GGGGTGCGAATGCAGG.fastq	plate-14_RB_GGGGTGCGAATGCAGG.fastq	plate-14-GGGGTGCGAATGCAGG
plate-14_RA_GGTGGTGGTATGCAGG.fastq	plate-14_RB_GGTGGTGGTATGCAGG.fastq	plate-14-GGTGGTGGTATGCAGG
plate-14_RA_GGAGGCTAACTGCAGG.fastq	plate-14_RB_GGAGGCTAACTGCAGG.fastq	plate-14-GGAGGCTAACTGCAGG
plate-14_RA_GGCTAAGGTCTGCAGG.fastq	plate-14_RB_GGCTAAGGTCTGCAGG.fastq	plate-14-GGCTAAGGTCTGCAGG
plate-14_RA_GGATGCCTAATGCAGG.fastq	plate-14_RB_GGATGCCTAATGCAGG.fastq	plate-14-GGATGCCTAATGCAGG
plate-14_RA_GGACCTCCAATGCAGG.fastq	plate-14_RB_GGACCTCCAATGCAGG.fastq	plate-14-GGACCTCCAATGCAGG
plate-14_RA_GGCAATGGAATGCAGG.fastq	plate-14_RB_GGCAATGGAATGCAGG.fastq	plate-14-GGCAATGGAATGCAGG
plate-14_RA_GGCTGAGCCATGCAGG.fastq	plate-14_RB_GGCTGAGCCATGCAGG.fastq	plate-14-GGCTGAGCCATGCAGG
plate-14_RA_GGGTACGCAATGCAGG.fastq	plate-14_RB_GGGTACGCAATGCAGG.fastq	plate-14-GGGTACGCAATGCAGG
plate-14_RA_GGTTCACGCATGCAGG.fastq	plate-14_RB_GGTTCACGCATGCAGG.fastq	plate-14-GGTTCACGCATGCAGG
plate-14_RA_GGATAGCGACTGCAGG.fastq	plate-14_RB_GGATAGCGACTGCAGG.fastq	plate-14-GGATAGCGACTGCAGG
plate-14_RA_GGGAACAGGCTGCAGG.fastq	plate-14_RB_GGGAACAGGCTGCAGG.fastq	plate-14-GGGAACAGGCTGCAGG
plate-14_RA_GGAACGAACGTGCAGG.fastq	plate-14_RB_GGAACGAACGTGCAGG.fastq	plate-14-GGAACGAACGTGCAGG
plate-14_RA_GGACGCTCGATGCAGG.fastq	plate-14_RB_GGACGCTCGATGCAGG.fastq	plate-14-GGACGCTCGATGCAGG
plate-14_RA_GGCACTTCGATGCAGG.fastq	plate-14_RB_GGCACTTCGATGCAGG.fastq	plate-14-GGCACTTCGATGCAGG
plate-14_RA_GGCTGGCATATGCAGG.fastq	plate-14_RB_GGCTGGCATATGCAGG.fastq	plate-14-GGCTGGCATATGCAGG
plate-14_RA_GGGTCGTAGATGCAGG.fastq	plate-14_RB_GGGTCGTAGATGCAGG.fastq	plate-14-GGGTCGTAGATGCAGG
plate-14_RA_GGACACGAGATGCAGG.fastq	plate-14_RB_GGACACGAGATGCAGG.fastq	plate-14-GGACACGAGATGCAGG
plate-14_RA_GGACGACAAGTGCAGG.fastq	plate-14_RB_GGACGACAAGTGCAGG.fastq	plate-14-GGACGACAAGTGCAGG
plate-14_RA_GGGACAGTGCTGCAGG.fastq	plate-14_RB_GGGACAGTGCTGCAGG.fastq	plate-14-GGGACAGTGCTGCAGG
plate-14_RA_GGAGTACAAGTGCAGG.fastq	plate-14_RB_GGAGTACAAGTGCAGG.fastq	plate-14-GGAGTACAAGTGCAGG
plate-14_RA_GGACGTATCATGCAGG.fastq	plate-14_RB_GGACGTATCATGCAGG.fastq	plate-14-GGACGTATCATGCAGG
plate-14_RA_GGCAGCGTTATGCAGG.fastq	plate-14_RB_GGCAGCGTTATGCAGG.fastq	plate-14-GGCAGCGTTATGCAGG
plate-14_RA_GGGAATCTGATGCAGG.fastq	plate-14_RB_GGGAATCTGATGCAGG.fastq	plate-14-GGGAATCTGATGCAGG
plate-14_RA_GGGTCTGTCATGCAGG.fastq	plate-14_RB_GGGTCTGTCATGCAGG.fastq	plate-14-GGGTCTGTCATGCAGG
plate-14_RA_GGAAGAGATCTGCAGG.fastq	plate-14_RB_GGAAGAGATCTGCAGG.fastq	plate-14-GGAAGAGATCTGCAGG
plate-14_RA_GGATTGGCTCTGCAGG.fastq	plate-14_RB_GGATTGGCTCTGCAGG.fastq	plate-14-GGATTGGCTCTGCAGG
plate-14_RA_GGGAGTTAGCTGCAGG.fastq	plate-14_RB_GGGAGTTAGCTGCAGG.fastq	plate-14-GGGAGTTAGCTGCAGG
plate-14_RA_GGCATCAAGTTGCAGG.fastq	plate-14_RB_GGCATCAAGTTGCAGG.fastq	plate-14-GGCATCAAGTTGCAGG
plate-14_RA_GGACTATGCATGCAGG.fastq	plate-14_RB_GGACTATGCATGCAGG.fastq	plate-14-GGACTATGCATGCAGG
plate-14_RA_GGCATACCAATGCAGG.fastq	plate-14_RB_GGCATACCAATGCAGG.fastq	plate-14-GGCATACCAATGCAGG
plate-14_RA_GGGACTAGTATGCAGG.fastq	plate-14_RB_GGGACTAGTATGCAGG.fastq	plate-14-GGGACTAGTATGCAGG
plate-14_RA_GGGTGTTCTATGCAGG.fastq	plate-14_RB_GGGTGTTCTATGCAGG.fastq	plate-14-GGGTGTTCTATGCAGG
plate-14_RA_GGAAGGACACTGCAGG.fastq	plate-14_RB_GGAAGGACACTGCAGG.fastq	plate-14-GGAAGGACACTGCAGG
plate-14_RA_GGCAAGGAGCTGCAGG.fastq	plate-14_RB_GGCAAGGAGCTGCAGG.fastq	plate-14-GGCAAGGAGCTGCAGG
plate-14_RA_GGGATGAATCTGCAGG.fastq	plate-14_RB_GGGATGAATCTGCAGG.fastq	plate-14-GGGATGAATCTGCAGG
plate-14_RA_GGAGTGGTCATGCAGG.fastq	plate-14_RB_GGAGTGGTCATGCAGG.fastq	plate-14-GGAGTGGTCATGCAGG
plate-14_RA_GGAGAGTCAATGCAGG.fastq	plate-14_RB_GGAGAGTCAATGCAGG.fastq	plate-14-GGAGAGTCAATGCAGG
plate-14_RA_GGCCAGTTCATGCAGG.fastq	plate-14_RB_GGCCAGTTCATGCAGG.fastq	plate-14-GGCCAGTTCATGCAGG
plate-15_RA_GGACAAGCTATGCAGG.fastq	plate-15_RB_GGACAAGCTATGCAGG.fastq	plate-15-GGACAAGCTATGCAGG
plate-15_RA_GGAACAACCATGCAGG.fastq	plate-15_RB_GGAACAACCATGCAGG.fastq	plate-15-GGAACAACCATGCAGG
plate-15_RA_GGAGATCGCATGCAGG.fastq	plate-15_RB_GGAGATCGCATGCAGG.fastq	plate-15-GGAGATCGCATGCAGG
plate-15_RA_GGCCGAAGTATGCAGG.fastq	plate-15_RB_GGCCGAAGTATGCAGG.fastq	plate-15-GGCCGAAGTATGCAGG
plate-15_RA_GGGATAGACATGCAGG.fastq	plate-15_RB_GGGATAGACATGCAGG.fastq	plate-15-GGGATAGACATGCAGG
plate-15_RA_GGTATCAGCATGCAGG.fastq	plate-15_RB_GGTATCAGCATGCAGG.fastq	plate-15-GGTATCAGCATGCAGG
plate-15_RA_GGAGGCTAACTGCAGG.fastq	plate-15_RB_GGAGGCTAACTGCAGG.fastq	plate-15-GGAGGCTAACTGCAGG
plate-15_RA_GGCTAAGGTCTGCAGG.fastq	plate-15_RB_GGCTAAGGTCTGCAGG.fastq	plate-15-GGCTAAGGTCTGCAGG
plate-15_RA_GGATGCCTAATGCAGG.fastq	plate-15_RB_GGATGCCTAATGCAGG.fastq	plate-15-GGATGCCTAATGCAGG
plate-15_RA_GGACCTCCAATGCAGG.fastq	plate-15_RB_GGACCTCCAATGCAGG.fastq	plate-15-GGACCTCCAATGCAGG
plate-15_RA_GGCAATGGAATGCAGG.fastq	plate-15_RB_GGCAATGGAATGCAGG.fastq	plate-15-GGCAATGGAATGCAGG
plate-15_RA_GGCTGAGCCATGCAGG.fastq	plate-15_RB_GGCTGAGCCATGCAGG.fastq	plate-15-GGCTGAGCCATGCAGG
plate-15_RA_GGACGACAAGTGCAGG.fastq	plate-15_RB_GGACGACAAGTGCAGG.fastq	plate-15-GGACGACAAGTGCAGG
plate-15_RA_GGGACAGTGCTGCAGG.fastq	plate-15_RB_GGGACAGTGCTGCAGG.fastq	plate-15-GGGACAGTGCTGCAGG
plate-15_RA_GGAGTACAAGTGCAGG.fastq	plate-15_RB_GGAGTACAAGTGCAGG.fastq	plate-15-GGAGTACAAGTGCAGG
plate-15_RA_GGACGTATCATGCAGG.fastq	plate-15_RB_GGACGTATCATGCAGG.fastq	plate-15-GGACGTATCATGCAGG
plate-15_RA_GGCAGCGTTATGCAGG.fastq	plate-15_RB_GGCAGCGTTATGCAGG.fastq	plate-15-GGCAGCGTTATGCAGG
plate-15_RA_GGGAATCTGATGCAGG.fastq	plate-15_RB_GGGAATCTGATGCAGG.fastq	plate-15-GGGAATCTGATGCAGG
plate-15_RA_GGGTCTGTCATGCAGG.fastq	plate-15_RB_GGGTCTGTCATGCAGG.fastq	plate-15-GGGTCTGTCATGCAGG
plate-15_RA_GGAAGAGATCTGCAGG.fastq	plate-15_RB_GGAAGAGATCTGCAGG.fastq	plate-15-GGAAGAGATCTGCAGG
plate-15_RA_GGATTGGCTCTGCAGG.fastq	plate-15_RB_GGATTGGCTCTGCAGG.fastq	plate-15-GGATTGGCTCTGCAGG
plate-15_RA_GGGAGTTAGCTGCAGG.fastq	plate-15_RB_GGGAGTTAGCTGCAGG.fastq	plate-15-GGGAGTTAGCTGCAGG
plate-15_RA_GGCATCAAGTTGCAGG.fastq	plate-15_RB_GGCATCAAGTTGCAGG.fastq	plate-15-GGCATCAAGTTGCAGG
plate-15_RA_GGACTATGCATGCAGG.fastq	plate-15_RB_GGACTATGCATGCAGG.fastq	plate-15-GGACTATGCATGCAGG
plate-15_RA_GGCATACCAATGCAGG.fastq	plate-15_RB_GGCATACCAATGCAGG.fastq	plate-15-GGCATACCAATGCAGG
plate-15_RA_GGGACTAGTATGCAGG.fastq	plate-15_RB_GGGACTAGTATGCAGG.fastq	plate-15-GGGACTAGTATGCAGG
plate-15_RA_GGGTGTTCTATGCAGG.fastq	plate-15_RB_GGGTGTTCTATGCAGG.fastq	plate-15-GGGTGTTCTATGCAGG
